task,auc,mcc
f340,0.8799511983296853,0.5766547081115443
f480,0.6261501163661418,0.0
t340,0.8537003514602629,0.4241879759413812
t450,0.6775508502710178,0.05928043380741756
