task,auc,mcc
f340,0.8291208462591587,0.4547154229318868
f480,0.5745677454833649,0.0
t340,0.7913743938826086,0.2778269428836362
t450,0.569841201972339,0.01318973016528417
