task,auc,mcc
f340,0.8632338255473901,0.5377700731028555
f480,0.6483362723859462,0.0
t340,0.8457003950062149,0.38948161492322486
t450,0.6341850645909076,0.04160700297166179
