task,auc,mcc
f340,0.8238523141955174,0.44502692279428624
f480,0.5844692920568407,0.0
t340,0.7909226473105645,0.29562821269335604
t450,0.5918264099110446,0.032938708726265926
