task,auc,mcc
f340,0.8793085186531003,0.5778994426367712
f480,0.6641027812001845,0.04037506657913194
t340,0.8688760390763889,0.4777128397160189
t450,0.7041829667807883,0.08329229223987596
