model,fold,auc
t450_679_cb_desc2D,1,0.6238339415905998
t450_679_cb_desc2D,2,0.6344414715928546
t450_679_cb_desc2D,3,0.6576890434354148
t450_679_cb_desc2D,4,0.6232990388960358
t450_679_cb_desc2D,5,0.6258513681397266
