task,auc,mcc
f340,0.881512642277134,0.5929005040458918
f480,0.5788457975228403,0.0
t340,0.8639807458509629,0.4789129939455844
t450,0.6906319102428495,0.07351777013200846
