task,auc,mcc
f340,0.8802419651816268,0.5875437603931135
f480,0.5769679913306485,0.0
t340,0.8578560295061867,0.4212979804377342
t450,0.6837308246940426,0.06849378391223428
