task,auc,mcc
f340,0.8797983393363612,0.5725746080863281
f480,0.5680121434985248,0.0
t340,0.867080633574268,0.4414831808529782
t450,0.7023458840316084,0.07575498028518816
