task,auc,mcc
f340,0.8758872086953924,0.5653432257883436
f480,0.447527828850786,0.0
t340,0.858087818337012,0.4365501294053159
t450,0.6815381284105195,0.06528067008534526
