model,fold,auc
t450_679_cb_rdkitfp,1,0.5973327327314788
t450_679_cb_rdkitfp,2,0.6254859446638996
t450_679_cb_rdkitfp,3,0.6027193588662196
t450_679_cb_rdkitfp,4,0.5796202868738591
t450_679_cb_rdkitfp,5,0.6162957917045111
