model,fold,auc
f340_450_hgb_morganfp,1,0.8641025070012949
f340_450_hgb_morganfp,2,0.8637465559285094
f340_450_hgb_morganfp,3,0.8629071325713094
f340_450_hgb_morganfp,4,0.8644610326000522
f340_450_hgb_morganfp,5,0.8611111283005535
