task,auc,mcc
f340,0.8764893779602334,0.5867274806535745
f480,0.5484870512107867,0.0
t340,0.8540972705359842,0.44737067725963375
t450,0.6837496505164536,0.07402218237216962
