task,auc,mcc
f340,0.8797147838663851,0.5778332939049547
f480,0.647312342870825,0.0
t340,0.8658853314740562,0.4660991756220879
t450,0.6749615568999761,0.06498222841504332
