task,auc,mcc
f340,0.8723208479306579,0.5598037922463249
f480,0.6490093324922769,0.0
t340,0.8702709043315059,0.4192071922072736
t450,0.729452638769482,0.08986700484067985
