task,auc,mcc
f340,0.8850529215404832,0.5922046354445322
f480,0.5750533191618157,0.0
t340,0.8575129227445408,0.4243008527703017
t450,0.7059885293530742,0.08388433854096747
