task,auc,mcc
f340,0.8801570060106068,0.5745949196464952
f480,0.6306435699613437,0.0
t340,0.8737149149184048,0.4272185683751125
t450,0.7327701569452059,0.08583701239322197
