task,auc,mcc
f340,0.8734806347402994,0.5619872011724423
f480,0.5766078372719114,0.0
t340,0.8543034544829152,0.40859410698383347
t450,0.6971499679504934,0.07192414579075747
