task,auc,mcc
f340,0.8252974811324278,0.44807828653504916
f480,0.5574425076369438,0.0
t340,0.7829058905262413,0.29561608372727305
t450,0.5378773447859918,0.014259669510415662
