model,fold,auc
t340_xgb_rdkitfp,1,0.8436911456463841
t340_xgb_rdkitfp,2,0.8518898340667278
t340_xgb_rdkitfp,3,0.854749394007879
t340_xgb_rdkitfp,4,0.8408229148442223
t340_xgb_rdkitfp,5,0.841897111418383
