task,auc,mcc
f340,0.8775814595779539,0.5891113692611375
f480,0.5777595750355136,0.005055031479382452
t340,0.8712380208827885,0.45611501999321663
t450,0.6962250432218948,0.0625570161686051
