model,fold,auc
f340_450_xgb_rdkitfp_desc2D,1,0.8737140365374884
f340_450_xgb_rdkitfp_desc2D,2,0.8772925175759542
f340_450_xgb_rdkitfp_desc2D,3,0.8748741509336163
f340_450_xgb_rdkitfp_desc2D,4,0.879106037784732
f340_450_xgb_rdkitfp_desc2D,5,0.8698677009416582
