model,fold,auc
f340_450_xgb_rdkitfp,1,0.8771683986482932
f340_450_xgb_rdkitfp,2,0.8775735926265495
f340_450_xgb_rdkitfp,3,0.8753631648169197
f340_450_xgb_rdkitfp,4,0.8777114368441669
f340_450_xgb_rdkitfp,5,0.8690836947757365
