task,auc,mcc
f340,0.8623585673074606,0.5360623463011482
f480,0.47864465776520815,0.0
t340,0.8377422549783355,0.3798643778857641
t450,0.6157714943661827,0.045702546024165326
