task,auc,mcc
f340,0.8507735193756102,0.5062126219036509
f480,0.5575112954490387,0.0
t340,0.8139049844666187,0.34937337981866134
t450,0.591837066371569,0.01664896329023978
