task,auc,mcc
f340,0.8697828315387559,0.548586974904515
f480,0.5550249730327504,0.0
t340,0.8507511178907383,0.39985553220236686
t450,0.6696727445795636,0.05899782321234214
