task,auc,mcc
f340,0.8723982743986105,0.5755227632856778
f480,0.6578731088364271,0.0
t340,0.8478062887310952,0.42942923214025047
t450,0.6491910666587489,0.058638496916875775
