task,auc,mcc
f340,0.8735043906572605,0.5542408307726838
f480,0.5231680761634679,0.0
t340,0.8691734762425142,0.43991316799821834
t450,0.6930947433543815,0.07134370883224794
