task,auc,mcc
f340,0.8733296107920917,0.5638726410552453
f480,0.6390030772464776,0.0
t340,0.8567816770179899,0.4243330554882559
t450,0.6706798847203391,0.05953626944030451
