task,auc,mcc
f340,0.8720443238544205,0.5504783185084082
f480,0.5468921480594633,0.009237606515925482
t340,0.8696126237956618,0.4543069873809302
t450,0.7280802705717977,0.09042241003971248
