task,auc,mcc
f340,0.8150443704534664,0.4427753940654073
f480,0.581887373327062,0.0
t340,0.791048837854751,0.30563272379883477
t450,0.556563236403913,0.0
